{
    "accuracy": 0.9505169867060561,
    "classification_report": {
        "0": {
            "precision": 1.0,
            "recall": 0.7527675276752768,
            "f1-score": 0.8589473684210527,
            "support": 271.0
        },
        "1": {
            "precision": 0.9417391304347826,
            "recall": 1.0,
            "f1-score": 0.9699955217196596,
            "support": 1083.0
        },
        "accuracy": 0.9505169867060561,
        "macro avg": {
            "precision": 0.9708695652173913,
            "recall": 0.8763837638376384,
            "f1-score": 0.9144714450703562,
            "support": 1354.0
        },
        "weighted avg": {
            "precision": 0.9533999100892686,
            "recall": 0.9505169867060561,
            "f1-score": 0.9477694880830848,
            "support": 1354.0
        }
    },
    "confusion_matrix": [
        [
            204,
            67
        ],
        [
            0,
            1083
        ]
    ]
}